{
    "type": "AdaptiveCard",
    "body": [{
        "type": "Container",
        "items": [{
                "type": "TextBlock",
                "size": "Large",
                "weight": "Bolder",
                "color": "Accent",
                "text": "Global Live Status of Covid19",
                "horizontalAlignment": "Center",
                "wrap": true
            },
            {
                "type": "TextBlock",
                "text": "Data is sourced from covid19api.com",
                "horizontalAlignment": "Center",
                "size": "Small",
                "color": "Accent",
                "weight": "Lighter",
                "wrap": true
            },
            {
                "type": "Image",
                "size": "Large",
                "horizontalAlignment": "Center",
                "url": "https://qnacovdi19app-bot.azurewebsites.net/image/world.jpeg"
            },
            {
                "type": "TextBlock",
                "text": "25 Apr 2020 Global",
                "color": "Light",
                "horizontalAlignment": "Center",
                "spacing": "Medium",
                "size": "Medium",
                "weight": "Bolder"
            },
            {
                "type": "TextBlock",
                "text": "Last updated by 23 Apr 2020",
                "horizontalAlignment": "Center",
                "size": "Small",
                "color": "Light"
            },
            {
                "type": "ColumnSet",
                "columns": [{
                        "type": "Column",
                        "items": [{
                                "type": "TextBlock",
                                "horizontalAlignment": "Center",
                                "text": "Confirmed",
                                "wrap": true,
                                "weight": "Bolder",
                                "color": "Attention"
                            },
                            {
                                "type": "TextBlock",
                                "color": "Attention",
                                "text": "▲ 10 (2.13%)",
                                "isSubtle": true,
                                "wrap": true,
                                "horizontalAlignment": "Center",
                                "size": "Small",
                                "maxLines": 0,
                                "spacing": "Medium"
                            },
                            {
                                "type": "TextBlock",
                                "color": "Attention",
                                "text": "100",
                                "isSubtle": true,
                                "wrap": true,
                                "horizontalAlignment": "Center",
                                "size": "Medium",
                                "weight": "Bolder"
                            }
                        ],
                        "width": 1
                    },
                    {
                        "type": "Column",
                        "items": [{
                                "type": "TextBlock",
                                "weight": "Bolder",
                                "text": "Recovered",
                                "wrap": true,
                                "horizontalAlignment": "Center",
                                "color": "Good"
                            },
                            {
                                "type": "TextBlock",
                                "color": "Good",
                                "text": "▲ 7 (2.13%)",
                                "isSubtle": true,
                                "wrap": true,
                                "horizontalAlignment": "Center",
                                "size": "Small",
                                "spacing": "Medium"
                            },
                            {
                                "type": "TextBlock",
                                "color": "Good",
                                "text": "35",
                                "isSubtle": true,
                                "wrap": true,
                                "horizontalAlignment": "Center",
                                "size": "Medium",
                                "weight": "Bolder"
                            }
                        ],
                        "width": 1
                    },
                    {
                        "type": "Column",
                        "items": [{
                                "type": "TextBlock",
                                "text": "Deceased",
                                "wrap": true,
                                "weight": "Bolder",
                                "color": "Warning",
                                "horizontalAlignment": "Center"
                            },
                            {
                                "type": "TextBlock",
                                "text": "▲ 2 (2.13%)",
                                "color": "Warning",
                                "size": "Small",
                                "spacing": "Medium",
                                "horizontalAlignment": "Center"
                            },
                            {
                                "type": "TextBlock",
                                "text": "5",
                                "color": "Warning",
                                "weight": "Bolder",
                                "size": "Medium",
                                "horizontalAlignment": "Center"
                            }
                        ],
                        "width": 1
                    }
                ],
                "spacing": "Medium"
            }
        ],
         "backgroundImage": {
             "url": "https://qnacovdi19app-bot.azurewebsites.net/image/backgrnd.jpeg",
             "horizontalAlignment": "Center",
             "verticalAlignment": "Center"
         }
    }],
    "$schema": "http://adaptivecards.io/schemas/adaptive-card.json",
    "version": "1.2"
    
}