{
  "luis_schema_version": "7.0.0",
  "intents": [
    {
      "name": "Covid19Global",
      "features": []
    },
    {
      "name": "Covid19KSA",
      "features": []
    },
    {
      "name": "Covid19Screening",
      "features": []
    },
    {
      "name": "Covid19UAE",
      "features": []
    },
    {
      "name": "None",
      "features": []
    }
  ],
  "entities": [],
  "hierarchicals": [],
  "composites": [],
  "closedLists": [],
  "prebuiltEntities": [],
  "utterances": [
    {
      "text": "assessment",
      "intent": "Covid19Screening",
      "entities": []
    },
    {
      "text": "covid19 detection",
      "intent": "Covid19Screening",
      "entities": []
    },
    {
      "text": "covid19 global",
      "intent": "Covid19Global",
      "entities": []
    },
    {
      "text": "covid19 ksa",
      "intent": "Covid19KSA",
      "entities": []
    },
    {
      "text": "covid19 screening",
      "intent": "Covid19Screening",
      "entities": []
    },
    {
      "text": "covid19 status in uae",
      "intent": "Covid19UAE",
      "entities": []
    },
    {
      "text": "covid19 symptoms",
      "intent": "Covid19Screening",
      "entities": []
    },
    {
      "text": "covid19 testing",
      "intent": "Covid19Screening",
      "entities": []
    },
    {
      "text": "covid19 العالمية",
      "intent": "Covid19Global",
      "entities": []
    },
    {
      "text": "current status of covid19 ksa",
      "intent": "Covid19KSA",
      "entities": []
    },
    {
      "text": "current status of uae",
      "intent": "Covid19UAE",
      "entities": []
    },
    {
      "text": "detection",
      "intent": "Covid19Screening",
      "entities": []
    },
    {
      "text": "global",
      "intent": "Covid19Global",
      "entities": []
    },
    {
      "text": "global status",
      "intent": "Covid19Global",
      "entities": []
    },
    {
      "text": "ksa",
      "intent": "Covid19KSA",
      "entities": []
    },
    {
      "text": "live status of covid19 ksa",
      "intent": "Covid19KSA",
      "entities": []
    },
    {
      "text": "saudi arabia",
      "intent": "Covid19KSA",
      "entities": []
    },
    {
      "text": "screening",
      "intent": "Covid19Screening",
      "entities": []
    },
    {
      "text": "self assessment",
      "intent": "Covid19Screening",
      "entities": []
    },
    {
      "text": "self-assessment",
      "intent": "Covid19Screening",
      "entities": []
    },
    {
      "text": "symptoms",
      "intent": "Covid19Screening",
      "entities": []
    },
    {
      "text": "symptoms detector",
      "intent": "Covid19Screening",
      "entities": []
    },
    {
      "text": "testing",
      "intent": "Covid19Screening",
      "entities": []
    },
    {
      "text": "today status",
      "intent": "Covid19KSA",
      "entities": []
    },
    {
      "text": "total",
      "intent": "Covid19Global",
      "entities": []
    },
    {
      "text": "total case in uae",
      "intent": "Covid19UAE",
      "entities": []
    },
    {
      "text": "total cases",
      "intent": "Covid19Global",
      "entities": []
    },
    {
      "text": "total in uae",
      "intent": "Covid19UAE",
      "entities": []
    },
    {
      "text": "total world cases",
      "intent": "Covid19Global",
      "entities": []
    },
    {
      "text": "uae",
      "intent": "Covid19UAE",
      "entities": []
    },
    {
      "text": "uae corona",
      "intent": "Covid19UAE",
      "entities": []
    },
    {
      "text": "uae status",
      "intent": "Covid19UAE",
      "entities": []
    },
    {
      "text": "united arab emirates",
      "intent": "Covid19UAE",
      "entities": []
    },
    {
      "text": "what is the current status in uae",
      "intent": "Covid19UAE",
      "entities": []
    },
    {
      "text": "اختبار",
      "intent": "Covid19Screening",
      "entities": []
    },
    {
      "text": "اختبار covid19",
      "intent": "Covid19Screening",
      "entities": []
    },
    {
      "text": "اعراض",
      "intent": "Covid19Screening",
      "entities": []
    },
    {
      "text": "أعراض كاشف",
      "intent": "Covid19Screening",
      "entities": []
    },
    {
      "text": "الامارات",
      "intent": "Covid19UAE",
      "entities": []
    },
    {
      "text": "الإمارات",
      "intent": "Covid19Global",
      "entities": []
    },
    {
      "text": "الإمارات العربية المتحدة",
      "intent": "Covid19UAE",
      "entities": []
    },
    {
      "text": "الإمارات العربية المتحدة كورونا",
      "intent": "Covid19UAE",
      "entities": []
    },
    {
      "text": "التقييم الذاتي",
      "intent": "Covid19Screening",
      "entities": []
    },
    {
      "text": "الحالة العالمية",
      "intent": "Covid19Global",
      "entities": []
    },
    {
      "text": "السعوديه",
      "intent": "Covid19KSA",
      "entities": []
    },
    {
      "text": "العالم",
      "intent": "Covid19Global",
      "entities": []
    },
    {
      "text": "العالميه",
      "intent": "Covid19Global",
      "entities": []
    },
    {
      "text": "الكشف عن",
      "intent": "Covid19Screening",
      "entities": []
    },
    {
      "text": "المملكة العربية السعودية",
      "intent": "Covid19KSA",
      "entities": []
    },
    {
      "text": "الوضع الحالي لدولة الإمارات العربية المتحدة",
      "intent": "Covid19UAE",
      "entities": []
    },
    {
      "text": "الوضع السعودي",
      "intent": "Covid19KSA",
      "entities": []
    },
    {
      "text": "تقييم",
      "intent": "Covid19Screening",
      "entities": []
    },
    {
      "text": "حالة اليوم",
      "intent": "Covid19KSA",
      "entities": []
    },
    {
      "text": "فحص",
      "intent": "Covid19Screening",
      "entities": []
    },
    {
      "text": "فيروس كورونا العالمي",
      "intent": "Covid19Global",
      "entities": []
    },
    {
      "text": "ما هو الوضع الحالي في دولة الإمارات العربية المتحدة",
      "intent": "Covid19UAE",
      "entities": []
    },
    {
      "text": "مجموع الحالة في الإمارات العربية المتحدة",
      "intent": "Covid19UAE",
      "entities": []
    },
    {
      "text": "مجموع حالات العالم",
      "intent": "Covid19Global",
      "entities": []
    },
    {
      "text": "وضع covid19 في الإمارات العربية المتحدة",
      "intent": "Covid19UAE",
      "entities": []
    },
    {
      "text": "وضع المملكة العربية السعودية",
      "intent": "Covid19KSA",
      "entities": []
    },
    {
      "text": "وضع اليوم السعودي",
      "intent": "Covid19KSA",
      "entities": []
    }
  ],
  "versionId": "0.1",
  "name": "Covid19Luis",
  "desc": "",
  "culture": "en-us",
  "tokenizerVersion": "1.0.0",
  "patternAnyEntities": [],
  "regex_entities": [],
  "phraselists": [],
  "regex_features": [],
  "patterns": [],
  "settings": []
}